Data Accessed: 2017-06-05,,,,,,,
Chromosome,Symbol,Alternate Names,Alternate Symbols,Is VIP,Has Variant Annotation,Cross-references,Has CPIC Dosing Guideline
chr7,ABCB1,"CLCS,""PGY1"",""multidrug resistance protein 1""","ABC20,""CD243"",""GP170"",""MDR1"",""P-gp""",Yes,Yes,"NCBI Gene:5243,""OMIM:171050"",""OMIM:612244"",""UCSC Genome Browser:NM_000927"",""GO:GO:0000166"",""GO:GO:0005215"",""GO:GO:0005524"",""GO:GO:0005624"",""GO:GO:0006810"",""GO:GO:0008559"",""GO:GO:0009986"",""GO:GO:0016020"",""GO:GO:0016021"",""GO:GO:0016787"",""GO:GO:0016887"",""GO:GO:0042493"",""RefSeq RNA:NM_000927"",""RefSeq Protein:NP_000918"",""RefSeq DNA:NG_011513"",""RefSeq DNA:NT_007933"",""RefSeq DNA:NT_079595"",""UniProtKB:A4D1D2"",""UniProtKB:P08183"",""Ensembl:ENSG00000085563"",""GenAtlas:ABCB1"",""GeneCard:ABCB1"",""MutDB:ABCB1"",""ALFRED:LO000310E"",""HuGE:ABCB1"",""Comparative Toxicogenomics Database:5243"",""ModBase:P08183"",""HumanCyc Gene:HS01500"",""HGNC:40""",No
chr9,ABL1,ABL,"JTK7,""c-ABL"",""p150""",Yes,Yes,"NCBI Gene:25,""OMIM:189980"",""UCSC Genome Browser:NM_005157"",""GO:GO:0000004"",""GO:GO:0000074"",""GO:GO:0000115"",""GO:GO:0000166"",""GO:GO:0003677"",""GO:GO:0004713"",""GO:GO:0005515"",""GO:GO:0005524"",""GO:GO:0005554"",""GO:GO:0005634"",""GO:GO:0006298"",""GO:GO:0006355"",""GO:GO:0006468"",""GO:GO:0007242"",""GO:GO:0008372"",""GO:GO:0008630"",""GO:GO:0016740"",""RefSeq RNA:NM_005157"",""RefSeq RNA:NM_007313"",""RefSeq Protein:NP_005148"",""RefSeq Protein:NP_009297"",""RefSeq DNA:NG_012034"",""RefSeq DNA:NT_035014"",""UniProtKB:P00519"",""UniProtKB:Q59FK4"",""Ensembl:ENSG00000097007"",""GenAtlas:ABL1"",""GeneCard:ABL1"",""MutDB:ABL1"",""ALFRED:LO037753Z"",""HuGE:ABL1"",""Comparative Toxicogenomics Database:25"",""ModBase:P00519"",""HumanCyc Gene:HS01874"",""HGNC:76""",No
chr17,ACE,"DCP1,""peptidyl-dipeptidase A""","ACE1,""CD143""",Yes,Yes,"NCBI Gene:1636,""OMIM:104300"",""OMIM:106180"",""OMIM:267430"",""OMIM:603933"",""OMIM:612624"",""UCSC Genome Browser:NM_000789"",""GO:GO:0004180"",""GO:GO:0004246"",""GO:GO:0005624"",""GO:GO:0005625"",""GO:GO:0005886"",""GO:GO:0005975"",""GO:GO:0006508"",""GO:GO:0008217"",""GO:GO:0008270"",""GO:GO:0016020"",""GO:GO:0016021"",""GO:GO:0016798"",""GO:GO:0031404"",""GO:GO:0046872"",""RefSeq RNA:NM_000789"",""RefSeq RNA:NM_001178057"",""RefSeq RNA:NM_152830"",""RefSeq Protein:NP_000780"",""RefSeq Protein:NP_001171528"",""RefSeq Protein:NP_690043"",""RefSeq DNA:NG_011648"",""RefSeq DNA:NT_010783"",""UniProtKB:B4DXI3"",""UniProtKB:P12821"",""Ensembl:ENSG00000159640"",""GenAtlas:ACE"",""GeneCard:ACE"",""MutDB:ACE"",""ALFRED:LO000205H"",""HuGE:ACE"",""Comparative Toxicogenomics Database:1636"",""ModBase:P12821"",""ModBase:P22966"",""HumanCyc Gene:HS08412"",""HGNC:2707""",No
chr4,ADH1A,ADH1,,Yes,Yes,"NCBI Gene:124,""OMIM:103700"",""UCSC Genome Browser:NM_000667"",""GO:GO:0004024"",""GO:GO:0005737"",""GO:GO:0006066"",""GO:GO:0008270"",""GO:GO:0016491"",""GO:GO:0046872"",""RefSeq RNA:NM_000667"",""RefSeq Protein:NP_000658"",""RefSeq DNA:NT_016354"",""UniProtKB:P07327"",""Ensembl:ENSG00000187758"",""GenAtlas:ADH1A"",""GeneCard:ADH1A"",""MutDB:ADH1A"",""ALFRED:LO000422I"",""HuGE:ADH1A"",""Comparative Toxicogenomics Database:124"",""ModBase:P07327"",""HGNC:249""",No
chr4,ADH1B,ADH2,,Yes,Yes,"NCBI Gene:125,""OMIM:103720"",""OMIM:103780"",""UCSC Genome Browser:NM_000668"",""GO:GO:0004024"",""GO:GO:0006069"",""GO:GO:0008270"",""GO:GO:0009055"",""GO:GO:0046872"",""RefSeq RNA:NM_000668"",""RefSeq Protein:NP_000659"",""RefSeq DNA:NG_011435"",""RefSeq DNA:NT_016354"",""UniProtKB:P00325"",""Ensembl:ENSG00000196616"",""GenAtlas:ADH1B"",""GeneCard:ADH1B"",""MutDB:ADH1B"",""ALFRED:LO000002C"",""HuGE:ADH1B"",""Comparative Toxicogenomics Database:125"",""ModBase:P00325"",""HumanCyc Gene:HS08983"",""HGNC:250""",No
chr4,ADH1C,ADH3,,Yes,Yes,"NCBI Gene:126,""OMIM:103730"",""OMIM:168600"",""UCSC Genome Browser:NM_000669"",""GO:GO:0004024"",""GO:GO:0005737"",""GO:GO:0006066"",""GO:GO:0008270"",""GO:GO:0016491"",""GO:GO:0046872"",""RefSeq RNA:NM_000669"",""RefSeq Protein:NP_000660"",""RefSeq DNA:NG_011718"",""RefSeq DNA:NT_016354"",""UniProtKB:P00326"",""Ensembl:ENSG00000248144"",""GenAtlas:ADH1C"",""GeneCard:ADH1C"",""MutDB:ADH1C"",""ALFRED:LO000228M"",""HuGE:ADH1C"",""Comparative Toxicogenomics Database:126"",""ModBase:P00326"",""HGNC:251""",No
chr10,ADRB1,ADRB1R,,Yes,Yes,"NCBI Gene:153,""OMIM:109630"",""OMIM:607276"",""UCSC Genome Browser:NM_000684"",""GO:GO:0001584"",""GO:GO:0004872"",""GO:GO:0004935"",""GO:GO:0004940"",""GO:GO:0005886"",""GO:GO:0005887"",""GO:GO:0007165"",""GO:GO:0007186"",""GO:GO:0007190"",""GO:GO:0016020"",""GO:GO:0016021"",""RefSeq RNA:NM_000684"",""RefSeq Protein:NP_000675"",""RefSeq DNA:NG_012187"",""RefSeq DNA:NT_030059"",""UniProtKB:P08588"",""Ensembl:ENSG00000043591"",""GenAtlas:ADRB1"",""GeneCard:ADRB1"",""MutDB:ADRB1"",""ALFRED:LO218647C"",""HuGE:ADRB1"",""Comparative Toxicogenomics Database:153"",""ModBase:P08588"",""HumanCyc Gene:HS00572"",""IUPHAR Receptor:28"",""HGNC:285""",No
chr5,ADRB2,ADRB2R,"ADRBR,""B2AR"",""BAR""",Yes,Yes,"NCBI Gene:154,""OMIM:109690"",""OMIM:600807"",""OMIM:601665"",""UCSC Genome Browser:NM_000024"",""GO:GO:0000187"",""GO:GO:0001584"",""GO:GO:0002032"",""GO:GO:0004872"",""GO:GO:0004941"",""GO:GO:0005515"",""GO:GO:0005764"",""GO:GO:0005768"",""GO:GO:0005886"",""GO:GO:0005887"",""GO:GO:0006898"",""GO:GO:0007171"",""GO:GO:0007186"",""GO:GO:0007188"",""GO:GO:0007190"",""GO:GO:0007243"",""GO:GO:0008333"",""GO:GO:0042803"",""GO:GO:0043235"",""GO:GO:0043410"",""GO:GO:0051380"",""RefSeq RNA:NM_000024"",""RefSeq Protein:NP_000015"",""RefSeq DNA:NG_016421"",""RefSeq DNA:NT_029289"",""UniProtKB:P07550"",""Ensembl:ENSG00000169252"",""GenAtlas:ADRB2"",""GeneCard:ADRB2"",""MutDB:ADRB2"",""ALFRED:LO000206I"",""HuGE:ADRB2"",""Comparative Toxicogenomics Database:154"",""ModBase:Q8NEQ9"",""HumanCyc Gene:HS09917"",""IUPHAR Receptor:29"",""HGNC:286""",No
chr7,AHR,,bHLHe76,Yes,Yes,"NCBI Gene:196,""OMIM:600253"",""UCSC Genome Browser:NM_001621"",""GO:GO:0003700"",""GO:GO:0004879"",""GO:GO:0005515"",""GO:GO:0005634"",""GO:GO:0006355"",""GO:GO:0006366"",""GO:GO:0006915"",""GO:GO:0006950"",""GO:GO:0007049"",""GO:GO:0007165"",""GO:GO:0009410"",""RefSeq RNA:NM_001621"",""RefSeq Protein:NP_001612"",""RefSeq DNA:NT_007819"",""RefSeq DNA:NT_079592"",""UniProtKB:P35869"",""Ensembl:ENSG00000106546"",""GenAtlas:AHR"",""GeneCard:AHR"",""MutDB:AHR"",""ALFRED:LO000300D"",""HuGE:AHR"",""Comparative Toxicogenomics Database:196"",""ModBase:P35869"",""HumanCyc Gene:HS02922"",""HGNC:348""",No
chr9,ALDH1A1,"ALDH1,""PUMB1"",""retinaldehyde dehydrogenase 1""",RALDH1,Yes,Yes,"NCBI Gene:216,""OMIM:100640"",""UCSC Genome Browser:NM_000689"",""GO:GO:0001758"",""GO:GO:0004029"",""GO:GO:0005099"",""GO:GO:0005497"",""GO:GO:0005737"",""GO:GO:0006081"",""GO:GO:0008152"",""GO:GO:0016491"",""RefSeq RNA:NM_000689"",""RefSeq Protein:NP_000680"",""RefSeq DNA:NG_012249"",""RefSeq DNA:NT_008470"",""UniProtKB:P00352"",""Ensembl:ENSG00000165092"",""GenAtlas:ALDH1A1"",""GeneCard:ALDH1A1"",""MutDB:ALDH1A1"",""ALFRED:LO004070L"",""HuGE:ALDH1A1"",""Comparative Toxicogenomics Database:216"",""ModBase:P00352"",""HumanCyc Gene:HS09183"",""HGNC:402""",No
chr2,ALK,,CD246,Yes,No,"NCBI Gene:238,""OMIM:105590"",""OMIM:256700"",""OMIM:613014"",""UCSC Genome Browser:NM_004304"",""GO:GO:0000166"",""GO:GO:0004714"",""GO:GO:0004716"",""GO:GO:0004872"",""GO:GO:0005524"",""GO:GO:0005887"",""GO:GO:0006468"",""GO:GO:0006487"",""GO:GO:0007169"",""GO:GO:0007399"",""GO:GO:0007420"",""GO:GO:0016020"",""GO:GO:0016740"",""RefSeq RNA:NM_004304"",""RefSeq Protein:NP_004295"",""RefSeq DNA:NG_009445"",""RefSeq DNA:NT_022184"",""UniProtKB:Q9UM73"",""Ensembl:ENSG00000171094"",""GenAtlas:ALK"",""GeneCard:ALK"",""MutDB:ALK"",""ALFRED:LO004757X"",""HuGE:ALK"",""Comparative Toxicogenomics Database:238"",""HumanCyc Gene:HS10239"",""HGNC:427""",No
chr10,ALOX5,,5-LOX,Yes,Yes,"NCBI Gene:240,""OMIM:152390"",""OMIM:600807"",""UCSC Genome Browser:NM_000698"",""GO:GO:0004051"",""GO:GO:0005506"",""GO:GO:0005509"",""GO:GO:0005515"",""GO:GO:0006118"",""GO:GO:0006954"",""GO:GO:0016165"",""GO:GO:0016491"",""GO:GO:0019370"",""RefSeq RNA:NM_000698"",""RefSeq Protein:NP_000689"",""RefSeq DNA:NG_011437"",""RefSeq DNA:NT_033985"",""UniProtKB:P09917"",""Ensembl:ENSG00000012779"",""GenAtlas:ALOX5"",""GeneCard:ALOX5"",""MutDB:ALOX5"",""ALFRED:LO037847D"",""HuGE:ALOX5"",""Comparative Toxicogenomics Database:240"",""ModBase:P09917"",""HumanCyc Gene:HS00336"",""HGNC:435""",No
chr22,BCR,"BCR1,""D22S11""","ALL,""CML"",""D22S662"",""PHL""",Yes,Yes,"NCBI Gene:613,""OMIM:151410"",""OMIM:608232"",""OMIM:613065"",""UCSC Genome Browser:NM_004327"",""GO:GO:0000004"",""GO:GO:0004674"",""GO:GO:0005089"",""GO:GO:0005096"",""GO:GO:0005554"",""GO:GO:0005622"",""GO:GO:0006468"",""GO:GO:0007242"",""GO:GO:0008372"",""GO:GO:0016301"",""GO:GO:0016740"",""GO:GO:0035023"",""RefSeq RNA:NM_004327"",""RefSeq RNA:NM_021574"",""RefSeq Protein:NP_004318"",""RefSeq Protein:NP_067585"",""RefSeq DNA:NG_009244"",""RefSeq DNA:NT_011520"",""UniProtKB:P11274"",""Ensembl:ENSG00000186716"",""GenAtlas:BCR"",""GeneCard:BCR"",""MutDB:BCR"",""ALFRED:LO015393V"",""HuGE:BCR"",""Comparative Toxicogenomics Database:613"",""ModBase:P11274"",""HumanCyc Gene:HS09933"",""HGNC:1014""",No
chr7,BRAF,v-raf murine sarcoma viral oncogene homolog B1,BRAF1,Yes,Yes,"NCBI Gene:673,""OMIM:115150"",""OMIM:164757"",""OMIM:211980"",""UCSC Genome Browser:NM_004333"",""GO:GO:0000166"",""GO:GO:0004674"",""GO:GO:0005057"",""GO:GO:0005524"",""GO:GO:0006468"",""GO:GO:0006916"",""GO:GO:0007242"",""GO:GO:0008270"",""GO:GO:0009887"",""GO:GO:0016740"",""GO:GO:0019992"",""GO:GO:0046872"",""RefSeq RNA:NM_004333"",""RefSeq Protein:NP_004324"",""RefSeq DNA:NG_007873"",""RefSeq DNA:NT_007914"",""RefSeq DNA:NT_079596"",""UniProtKB:P15056"",""Ensembl:ENSG00000157764"",""GenAtlas:BRAF"",""GeneCard:BRAF"",""MutDB:BRAF"",""ALFRED:LO024369Y"",""HuGE:BRAF"",""Comparative Toxicogenomics Database:673"",""ModBase:P15056"",""HumanCyc Gene:HS08238"",""HGNC:1097""",No
chr17,BRCA1,"BRCA1/BRCA2-containing complex, subunit 1,""protein phosphatase 1, regulatory subunit 53""","BRCC1,""PPP1R53"",""RNF53""",Yes,No,"NCBI Gene:672,""OMIM:113705"",""OMIM:604370"",""UCSC Genome Browser:NM_007294"",""GO:GO:0000075"",""GO:GO:0000151"",""GO:GO:0003677"",""GO:GO:0003713"",""GO:GO:0004842"",""GO:GO:0005515"",""GO:GO:0005554"",""GO:GO:0005622"",""GO:GO:0005634"",""GO:GO:0006281"",""GO:GO:0006357"",""GO:GO:0006359"",""GO:GO:0006978"",""GO:GO:0007049"",""GO:GO:0008270"",""GO:GO:0008274"",""GO:GO:0008372"",""GO:GO:0008630"",""GO:GO:0015631"",""GO:GO:0016481"",""GO:GO:0016567"",""GO:GO:0030521"",""GO:GO:0031436"",""GO:GO:0042127"",""GO:GO:0042981"",""GO:GO:0045739"",""GO:GO:0045786"",""GO:GO:0045893"",""GO:GO:0046600"",""GO:GO:0046872"",""GO:GO:0050681"",""RefSeq RNA:NM_007294"",""RefSeq RNA:NM_007295"",""RefSeq RNA:NM_007296"",""RefSeq RNA:NM_007297"",""RefSeq RNA:NM_007298"",""RefSeq RNA:NM_007299"",""RefSeq RNA:NM_007300"",""RefSeq RNA:NM_007302"",""RefSeq RNA:NM_007303"",""RefSeq RNA:NM_007304"",""RefSeq RNA:NM_007305"",""RefSeq RNA:NR_027676"",""RefSeq Protein:NP_009225"",""RefSeq Protein:NP_009226"",""RefSeq Protein:NP_009227"",""RefSeq Protein:NP_009228"",""RefSeq Protein:NP_009229"",""RefSeq Protein:NP_009230"",""RefSeq Protein:NP_009231"",""RefSeq Protein:NP_009233"",""RefSeq Protein:NP_009234"",""RefSeq Protein:NP_009235"",""RefSeq Protein:NP_009236"",""RefSeq DNA:NG_005905"",""RefSeq DNA:NT_010783"",""UniProtKB:P38398"",""UniProtKB:Q1RMC1"",""UniProtKB:Q3LRJ6"",""UniProtKB:Q6IN79"",""Ensembl:ENSG00000012048"",""GenAtlas:BRCA1"",""GeneCard:BRCA1"",""MutDB:BRCA1"",""ALFRED:LO000508N"",""HuGE:BRCA1"",""Comparative Toxicogenomics Database:672"",""ModBase:P38398"",""HumanCyc Gene:HS00326"",""HGNC:1100""",No
chr7,CFTR,"ABCC7,""ATP-binding cassette sub-family C, member 7"",""CF""","ABC35,""CFTR/MRP"",""MRP7"",""TNR-CFTR"",""dJ760C5.1""",Yes,Yes,"NCBI Gene:1080,""OMIM:167800"",""OMIM:219700"",""OMIM:277180"",""OMIM:602421"",""UCSC Genome Browser:NM_000492"",""GO:GO:0000166"",""GO:GO:0005216"",""GO:GO:0005224"",""GO:GO:0005260"",""GO:GO:0005515"",""GO:GO:0005524"",""GO:GO:0006811"",""GO:GO:0007585"",""GO:GO:0016020"",""GO:GO:0016021"",""GO:GO:0016323"",""GO:GO:0016324"",""GO:GO:0016887"",""GO:GO:0030165"",""GO:GO:0031404"",""RefSeq RNA:NM_000492"",""RefSeq Protein:NP_000483"",""RefSeq DNA:NG_016465"",""RefSeq DNA:NT_007933"",""RefSeq DNA:NT_079596"",""UniProtKB:P13569"",""Ensembl:ENSG00000001626"",""GenAtlas:CFTR"",""GeneCard:CFTR"",""MutDB:CFTR"",""ALFRED:LO000194O"",""HuGE:CFTR"",""Comparative Toxicogenomics Database:1080"",""ModBase:P13569"",""HumanCyc Gene:HS00075"",""HGNC:1884""",Yes
chr22,COMT,,,Yes,Yes,"NCBI Gene:1312,""OMIM:116790"",""OMIM:167870"",""OMIM:181500"",""UCSC Genome Browser:NM_000754"",""GO:GO:0000287"",""GO:GO:0005515"",""GO:GO:0005625"",""GO:GO:0005792"",""GO:GO:0006584"",""GO:GO:0016020"",""GO:GO:0016021"",""GO:GO:0016206"",""GO:GO:0016740"",""GO:GO:0042135"",""RefSeq RNA:NM_000754"",""RefSeq RNA:NM_001135161"",""RefSeq RNA:NM_001135162"",""RefSeq RNA:NM_007310"",""RefSeq Protein:NP_000745"",""RefSeq Protein:NP_001128633"",""RefSeq Protein:NP_001128634"",""RefSeq Protein:NP_009294"",""RefSeq DNA:NG_011526"",""RefSeq DNA:NT_011519"",""UniProtKB:P21964"",""Ensembl:ENSG00000093010"",""GenAtlas:COMT"",""GeneCard:COMT"",""MutDB:COMT"",""ALFRED:LO000195P"",""HuGE:COMT"",""Comparative Toxicogenomics Database:1312"",""ModBase:P21964"",""HumanCyc Gene:HS01791"",""HGNC:2228""",No
chr15,CYP1A2,,"CP12,""P3-450""",Yes,Yes,"NCBI Gene:1544,""OMIM:124060"",""UCSC Genome Browser:NM_000761"",""GO:GO:0005506"",""GO:GO:0005783"",""GO:GO:0005792"",""GO:GO:0006118"",""GO:GO:0009055"",""GO:GO:0016020"",""GO:GO:0019825"",""GO:GO:0020037"",""GO:GO:0046872"",""GO:GO:0050381"",""RefSeq RNA:NM_000761"",""RefSeq Protein:NP_000752"",""RefSeq DNA:NG_008431"",""RefSeq DNA:NT_010194"",""Web Resource:http://www.imm.ki.se/CYPalleles/cyp1a2.htm"",""UniProtKB:P05177"",""Ensembl:ENSG00000140505"",""GenAtlas:CYP1A2"",""GeneCard:CYP1A2"",""MutDB:CYP1A2"",""ALFRED:LO000303G"",""HuGE:CYP1A2"",""Comparative Toxicogenomics Database:1544"",""ModBase:P05177"",""HumanCyc Gene:HS06728"",""HGNC:2596""",No
chr19,CYP2A6,CYP2A3,"CPA6,""CYP2A""",Yes,Yes,"NCBI Gene:1548,""OMIM:122700"",""OMIM:122720"",""OMIM:188890"",""OMIM:211980"",""UCSC Genome Browser:NM_000762"",""GO:GO:0005506"",""GO:GO:0005783"",""GO:GO:0005792"",""GO:GO:0006118"",""GO:GO:0008389"",""GO:GO:0016020"",""GO:GO:0019825"",""GO:GO:0020037"",""GO:GO:0046872"",""GO:GO:0050381"",""RefSeq RNA:NM_000762"",""RefSeq Protein:NP_000753"",""RefSeq DNA:NG_000008"",""RefSeq DNA:NG_008377"",""RefSeq DNA:NT_011109"",""Web Resource:http://www.imm.ki.se/CYPalleles/cyp2a6.htm"",""UniProtKB:P11509"",""Ensembl:ENSG00000198077"",""Ensembl:ENSG00000255974"",""GenAtlas:CYP2A6"",""GeneCard:CYP2A6"",""MutDB:CYP2A6"",""ALFRED:LO027806X"",""HuGE:CYP2A6"",""Comparative Toxicogenomics Database:1548"",""HumanCyc Gene:HS10343"",""HGNC:2610""",No
chr19,CYP2B6,CYP2B,"CPB6,""CYPIIB6""",Yes,Yes,"NCBI Gene:1555,""OMIM:123930"",""UCSC Genome Browser:NM_000767"",""GO:GO:0005506"",""GO:GO:0005783"",""GO:GO:0005792"",""GO:GO:0006118"",""GO:GO:0016020"",""GO:GO:0020037"",""GO:GO:0046872"",""GO:GO:0050381"",""RefSeq RNA:NM_000767"",""RefSeq Protein:NP_000758"",""RefSeq DNA:NG_000008"",""RefSeq DNA:NG_007929"",""RefSeq DNA:NT_011109"",""Web Resource:http://www.imm.ki.se/CYPalleles/cyp2b6.htm"",""UniProtKB:P20813"",""Ensembl:ENSG00000197408"",""GenAtlas:CYP2B6"",""GeneCard:CYP2B6"",""MutDB:CYP2B6"",""HuGE:CYP2B6"",""Comparative Toxicogenomics Database:1555"",""ModBase:P20813"",""HumanCyc Gene:HS09587"",""HGNC:2615""",No
chr10,CYP2C19,CYP2C,"CPCJ,""P450IIC19""",Yes,Yes,"NCBI Gene:1557,""OMIM:124020"",""OMIM:609535"",""UCSC Genome Browser:NM_000769"",""GO:GO:0004497"",""GO:GO:0005506"",""GO:GO:0005783"",""GO:GO:0005792"",""GO:GO:0006118"",""GO:GO:0016020"",""GO:GO:0016712"",""GO:GO:0018675"",""GO:GO:0018676"",""GO:GO:0019825"",""GO:GO:0020037"",""GO:GO:0046872"",""RefSeq RNA:NM_000769"",""RefSeq Protein:NP_000760"",""RefSeq DNA:NG_008384"",""RefSeq DNA:NT_030059"",""Web Resource:http://www.imm.ki.se/CYPalleles/cyp2c19.htm"",""UniProtKB:P33261"",""Ensembl:ENSG00000165841"",""GenAtlas:CYP2C19"",""GeneCard:CYP2C19"",""MutDB:CYP2C19"",""ALFRED:LO008778E"",""HuGE:CYP2C19"",""Comparative Toxicogenomics Database:1557"",""ModBase:P33261"",""HumanCyc Gene:HS09293"",""HGNC:2621""",Yes
chr10,CYP2C8,,CPC8,Yes,Yes,"NCBI Gene:1558,""OMIM:601129"",""UCSC Genome Browser:NM_000770"",""GO:GO:0004497"",""GO:GO:0005506"",""GO:GO:0005783"",""GO:GO:0005792"",""GO:GO:0006118"",""GO:GO:0016020"",""GO:GO:0020037"",""GO:GO:0046872"",""GO:GO:0050381"",""RefSeq RNA:NM_000770"",""RefSeq RNA:NM_001198853"",""RefSeq RNA:NM_001198854"",""RefSeq RNA:NM_001198855"",""RefSeq Protein:NP_000761"",""RefSeq Protein:NP_001185782"",""RefSeq Protein:NP_001185783"",""RefSeq Protein:NP_001185784"",""RefSeq DNA:NG_007972"",""RefSeq DNA:NT_030059"",""Web Resource:http://www.imm.ki.se/CYPalleles/cyp2c8.htm"",""UniProtKB:P10632"",""Ensembl:ENSG00000138115"",""GenAtlas:CYP2C8"",""GeneCard:CYP2C8"",""MutDB:CYP2C8"",""ALFRED:LO004214L"",""HuGE:CYP2C8"",""Comparative Toxicogenomics Database:1558"",""ModBase:P10632"",""HumanCyc Gene:HS06459"",""HGNC:2622""",No
chr10,CYP2C9,CYP2C10,P450IIC9,Yes,Yes,"NCBI Gene:1559,""OMIM:122700"",""OMIM:601130"",""UCSC Genome Browser:NM_000771"",""GO:GO:0005506"",""GO:GO:0005783"",""GO:GO:0005792"",""GO:GO:0006118"",""GO:GO:0016020"",""GO:GO:0016712"",""GO:GO:0018675"",""GO:GO:0018676"",""GO:GO:0020037"",""GO:GO:0046872"",""RefSeq RNA:NM_000771"",""RefSeq Protein:NP_000762"",""RefSeq DNA:NG_008385"",""RefSeq DNA:NT_030059"",""Web Resource:http://www.imm.ki.se/CYPalleles/cyp2c9.htm"",""UniProtKB:P11712"",""UniProtKB:Q5VX92"",""Ensembl:ENSG00000138109"",""GenAtlas:CYP2C9"",""GeneCard:CYP2C9"",""MutDB:CYP2C9"",""ALFRED:LO000304H"",""HuGE:CYP2C9"",""Comparative Toxicogenomics Database:1559"",""ModBase:P11712"",""HumanCyc Gene:HS06458"",""HGNC:2623""",Yes
chr22,CYP2D6,"CYP2D7AP,""CYP2D7BP"",""CYP2D7P2"",""CYP2D8P2"",""CYP2DL1""","CPD6,""CYP2D"",""P450-DB1"",""P450C2D""",Yes,Yes,"NCBI Gene:1565,""OMIM:124030"",""OMIM:608902"",""UCSC Genome Browser:NM_000106"",""GenBank:AY545216.1"",""GO:GO:0004497"",""GO:GO:0005506"",""GO:GO:0005783"",""GO:GO:0005792"",""GO:GO:0006118"",""GO:GO:0016020"",""GO:GO:0016712"",""GO:GO:0019825"",""GO:GO:0020037"",""GO:GO:0046872"",""GO:GO:0050381"",""RefSeq RNA:NM_000106"",""RefSeq RNA:NM_001025161"",""RefSeq Protein:NP_000097"",""RefSeq Protein:NP_001020332"",""RefSeq DNA:NG_003180"",""RefSeq DNA:NG_008376"",""RefSeq DNA:NT_011520"",""Web Resource:http://www.imm.ki.se/CYPalleles/cyp2d6.htm"",""UniProtKB:Q6NWU0"",""UniProtKB:Q6NXU8"",""Ensembl:ENSG00000100197"",""GenAtlas:CYP2D6"",""GeneCard:CYP2D6"",""MutDB:CYP2D6"",""ALFRED:LO000325K"",""HuGE:CYP2D6"",""Comparative Toxicogenomics Database:1565"",""ModBase:P10635"",""HumanCyc Gene:HS01997"",""HGNC:2625""",Yes
chr10,CYP2E1,CYP2E,,Yes,Yes,"NCBI Gene:1571,""OMIM:124040"",""UCSC Genome Browser:NM_000773"",""GO:GO:0004497"",""GO:GO:0005506"",""GO:GO:0005783"",""GO:GO:0005792"",""GO:GO:0006118"",""GO:GO:0016020"",""GO:GO:0019825"",""GO:GO:0020037"",""GO:GO:0046872"",""GO:GO:0050381"",""RefSeq RNA:NM_000773"",""RefSeq Protein:NP_000764"",""RefSeq DNA:NG_008383"",""RefSeq DNA:NT_008818"",""Web Resource:http://www.imm.ki.se/CYPalleles/cyp2e1.htm"",""UniProtKB:P05181"",""Ensembl:ENSG00000130649"",""GeneCard:CYP2E1"",""MutDB:CYP2E1"",""ALFRED:LO000233I"",""HuGE:CYP2E1"",""Comparative Toxicogenomics Database:1571"",""ModBase:P05181"",""HumanCyc Gene:HS05414"",""HGNC:2631""",No
chr1,CYP2J2,,,Yes,Yes,"NCBI Gene:1573,""OMIM:601258"",""UCSC Genome Browser:NM_000775"",""GO:GO:0005506"",""GO:GO:0005783"",""GO:GO:0005792"",""GO:GO:0006118"",""GO:GO:0006690"",""GO:GO:0008016"",""GO:GO:0008392"",""GO:GO:0016020"",""GO:GO:0020037"",""GO:GO:0046872"",""GO:GO:0050381"",""RefSeq RNA:NM_000775"",""RefSeq Protein:NP_000766"",""RefSeq DNA:NG_007931"",""RefSeq DNA:NT_032977"",""Web Resource:http://www.imm.ki.se/CYPalleles/cyp2j2.htm"",""UniProtKB:P51589"",""Ensembl:ENSG00000134716"",""GenAtlas:CYP2J2"",""GeneCard:CYP2J2"",""MutDB:CYP2J2"",""ALFRED:LO007920S"",""ALFRED:LO031629V"",""HuGE:CYP2J2"",""Comparative Toxicogenomics Database:1573"",""ModBase:P51589"",""HumanCyc Gene:HS05902"",""HGNC:2634""",No
chr7,CYP3A4,CYP3A3,,Yes,Yes,"NCBI Gene:1576,""OMIM:124010"",""UCSC Genome Browser:NM_017460"",""GO:GO:0004497"",""GO:GO:0005506"",""GO:GO:0005624"",""GO:GO:0005783"",""GO:GO:0005792"",""GO:GO:0006118"",""GO:GO:0006629"",""GO:GO:0006805"",""GO:GO:0009986"",""GO:GO:0016020"",""GO:GO:0016021"",""GO:GO:0016712"",""GO:GO:0019825"",""GO:GO:0020037"",""GO:GO:0046872"",""GO:GO:0050381"",""GO:GO:0050591"",""GO:GO:0050649"",""RefSeq RNA:NM_001202855"",""RefSeq RNA:NM_017460"",""RefSeq Protein:NP_001189784"",""RefSeq Protein:NP_059488"",""RefSeq DNA:NG_000004"",""RefSeq DNA:NG_008421"",""RefSeq DNA:NT_007933"",""RefSeq DNA:NT_079595"",""Web Resource:http://www.imm.ki.se/CYPalleles/cyp3a4.htm"",""UniProtKB:P08684"",""UniProtKB:Q6GRK0"",""Ensembl:ENSG00000160868"",""GenAtlas:CYP3A4"",""GeneCard:CYP3A4"",""MutDB:CYP3A4"",""ALFRED:LO000305I"",""HuGE:CYP3A4"",""Comparative Toxicogenomics Database:1576"",""ModBase:P08684"",""HGNC:2637""",No
chr7,CYP3A5,,"CP35,""P450PCN3"",""PCN3""",Yes,Yes,"NCBI Gene:1577,""OMIM:145500"",""OMIM:605325"",""UCSC Genome Browser:NM_000777"",""GO:GO:0004497"",""GO:GO:0005506"",""GO:GO:0005624"",""GO:GO:0005783"",""GO:GO:0005792"",""GO:GO:0006118"",""GO:GO:0006805"",""GO:GO:0008202"",""GO:GO:0016020"",""GO:GO:0019825"",""GO:GO:0020037"",""GO:GO:0046872"",""GO:GO:0050381"",""RefSeq RNA:NM_000777"",""RefSeq RNA:NM_001190484"",""RefSeq RNA:NR_033807"",""RefSeq RNA:NR_033808"",""RefSeq RNA:NR_033809"",""RefSeq RNA:NR_033810"",""RefSeq RNA:NR_033811"",""RefSeq RNA:NR_033812"",""RefSeq Protein:NP_000768"",""RefSeq Protein:NP_001177413"",""RefSeq DNA:NG_000004"",""RefSeq DNA:NG_007938"",""RefSeq DNA:NT_007933"",""RefSeq DNA:NT_079595"",""Web Resource:http://www.imm.ki.se/CYPalleles/cyp3a5.htm"",""UniProtKB:P20815"",""Ensembl:ENSG00000106258"",""GenAtlas:CYP3A5"",""GeneCard:CYP3A5"",""MutDB:CYP3A5"",""ALFRED:LO024680U"",""HuGE:CYP3A5"",""Comparative Toxicogenomics Database:1577"",""ModBase:P20815"",""HumanCyc Gene:HS02875"",""HGNC:2638""",Yes
chr19,CYP4F2,,,Yes,Yes,"NCBI Gene:8529,""OMIM:604426"",""UCSC Genome Browser:NM_001082"",""GO:GO:0004497"",""GO:GO:0005506"",""GO:GO:0005783"",""GO:GO:0005792"",""GO:GO:0006118"",""GO:GO:0006691"",""GO:GO:0016020"",""GO:GO:0020037"",""GO:GO:0046872"",""GO:GO:0050051"",""RefSeq RNA:NM_001082"",""RefSeq Protein:NP_001073"",""RefSeq DNA:NG_007971"",""RefSeq DNA:NT_011295"",""UniProtKB:P78329"",""Ensembl:ENSG00000186115"",""GenAtlas:CYP4F2"",""GeneCard:CYP4F2"",""MutDB:CYP4F2"",""ALFRED:LO006390S"",""HuGE:CYP4F2"",""Comparative Toxicogenomics Database:8529"",""ModBase:P78329"",""HumanCyc Gene:HS02675"",""HGNC:2645""",Yes
chr1,DPYD,,DPD,Yes,Yes,"NCBI Gene:1806,""OMIM:274270"",""OMIM:612779"",""UCSC Genome Browser:NM_000110"",""GO:GO:0004152"",""GO:GO:0004158"",""GO:GO:0005506"",""GO:GO:0005737"",""GO:GO:0006118"",""GO:GO:0006207"",""GO:GO:0006212"",""GO:GO:0006214"",""GO:GO:0009055"",""GO:GO:0015036"",""GO:GO:0016020"",""GO:GO:0017113"",""GO:GO:0046872"",""GO:GO:0051539"",""RefSeq RNA:NM_000110"",""RefSeq RNA:NM_001160301"",""RefSeq Protein:NP_000101"",""RefSeq Protein:NP_001153773"",""RefSeq DNA:NG_008807"",""RefSeq DNA:NT_032977"",""UniProtKB:Q12882"",""UniProtKB:Q96HL6"",""Ensembl:ENSG00000188641"",""GenAtlas:DPYD"",""GeneCard:DPYD"",""MutDB:DPYD"",""ALFRED:LO003560O"",""HuGE:DPYD"",""Comparative Toxicogenomics Database:1806"",""ModBase:Q12882"",""HumanCyc Gene:HS06975"",""HGNC:3012""",Yes
chr11,DRD2,,,Yes,Yes,"NCBI Gene:1813,""OMIM:126450"",""OMIM:159900"",""UCSC Genome Browser:NM_000795"",""GO:GO:0001584"",""GO:GO:0004952"",""GO:GO:0005882"",""GO:GO:0005886"",""GO:GO:0005887"",""GO:GO:0007165"",""GO:GO:0007195"",""GO:GO:0007268"",""GO:GO:0007399"",""RefSeq RNA:NM_000795"",""RefSeq RNA:NM_016574"",""RefSeq Protein:NP_000786"",""RefSeq Protein:NP_057658"",""RefSeq DNA:NG_008841"",""RefSeq DNA:NT_033899"",""UniProtKB:P14416"",""Ensembl:ENSG00000149295"",""GenAtlas:DRD2"",""GeneCard:DRD2"",""MutDB:DRD2"",""ALFRED:LO000168P"",""HuGE:DRD2"",""Comparative Toxicogenomics Database:1813"",""ModBase:P14416"",""HumanCyc Gene:HS07602"",""IUPHAR Receptor:215"",""HGNC:3023""",No
chr7,EGFR,"ERBB,""erythroblastic leukemia viral (v-erb-b) oncogene homolog (avian)""",ERBB1,Yes,Yes,"NCBI Gene:1956,""OMIM:131550"",""OMIM:211980"",""UCSC Genome Browser:NM_005228"",""GO:GO:0000166"",""GO:GO:0001503"",""GO:GO:0003690"",""GO:GO:0004710"",""GO:GO:0004888"",""GO:GO:0005006"",""GO:GO:0005515"",""GO:GO:0005524"",""GO:GO:0005615"",""GO:GO:0005634"",""GO:GO:0005737"",""GO:GO:0005768"",""GO:GO:0005886"",""GO:GO:0006468"",""GO:GO:0006950"",""GO:GO:0007049"",""GO:GO:0007166"",""GO:GO:0007173"",""GO:GO:0007202"",""GO:GO:0008283"",""GO:GO:0016021"",""GO:GO:0016337"",""GO:GO:0016740"",""GO:GO:0030122"",""GO:GO:0030235"",""GO:GO:0030335"",""GO:GO:0042327"",""GO:GO:0043006"",""GO:GO:0043406"",""GO:GO:0045429"",""GO:GO:0045786"",""GO:GO:0046982"",""GO:GO:0050679"",""GO:GO:0050730"",""GO:GO:0050999"",""GO:GO:0051015"",""GO:GO:0051205"",""RefSeq RNA:NM_005228"",""RefSeq RNA:NM_201282"",""RefSeq RNA:NM_201283"",""RefSeq RNA:NM_201284"",""RefSeq Protein:NP_005219"",""RefSeq Protein:NP_958439"",""RefSeq Protein:NP_958440"",""RefSeq Protein:NP_958441"",""RefSeq DNA:NG_007726"",""RefSeq DNA:NT_033968"",""RefSeq DNA:NT_079592"",""UniProtKB:P00533"",""Ensembl:ENSG00000146648"",""GenAtlas:EGFR"",""GeneCard:EGFR"",""MutDB:EGFR"",""ALFRED:LO004625R"",""HuGE:EGFR"",""Comparative Toxicogenomics Database:1956"",""ModBase:Q9GZX1"",""HumanCyc Gene:HS07358"",""HGNC:3236""",No
chr17,ERBB2,"NGL,""neuro/glioblastoma derived oncogene homolog"",""v-erb-b2 erythroblastic leukemia viral oncogene homolog 2, neuro/glioblastoma derived oncogene homolog (avian)""","CD340,""HER-2"",""HER2"",""NEU""",Yes,Yes,"NCBI Gene:2064,""OMIM:137215"",""OMIM:137800"",""OMIM:164870"",""OMIM:211980"",""UCSC Genome Browser:NM_004448"",""GO:GO:0000166"",""GO:GO:0004713"",""GO:GO:0004715"",""GO:GO:0004716"",""GO:GO:0004872"",""GO:GO:0005006"",""GO:GO:0005506"",""GO:GO:0005524"",""GO:GO:0005576"",""GO:GO:0005886"",""GO:GO:0006118"",""GO:GO:0006468"",""GO:GO:0007169"",""GO:GO:0007399"",""GO:GO:0007507"",""GO:GO:0008283"",""GO:GO:0009055"",""GO:GO:0016020"",""GO:GO:0016021"",""GO:GO:0016740"",""GO:GO:0030879"",""GO:GO:0043125"",""GO:GO:0043406"",""GO:GO:0045765"",""GO:GO:0046982"",""GO:GO:0048015"",""GO:GO:0050679"",""RefSeq RNA:NM_001005862"",""RefSeq RNA:NM_004448"",""RefSeq Protein:NP_001005862"",""RefSeq Protein:NP_004439"",""RefSeq DNA:NG_007503"",""RefSeq DNA:NT_010783"",""UniProtKB:P04626"",""Ensembl:ENSG00000141736"",""GenAtlas:ERBB2"",""GeneCard:ERBB2"",""MutDB:ERBB2"",""ALFRED:LO000290L"",""HuGE:ERBB2"",""Comparative Toxicogenomics Database:2064"",""ModBase:P04626"",""HumanCyc Gene:HS06866"",""HGNC:3430""",No
chr1,F5,,,Yes,Yes,"NCBI Gene:2153,""OMIM:188055"",""OMIM:227400"",""OMIM:600880"",""OMIM:601367"",""OMIM:612309"",""UCSC Genome Browser:NM_000130"",""GO:GO:0005507"",""GO:GO:0005509"",""GO:GO:0005576"",""GO:GO:0007155"",""GO:GO:0007596"",""GO:GO:0016491"",""RefSeq RNA:NM_000130"",""RefSeq Protein:NP_000121"",""RefSeq DNA:NG_011806"",""RefSeq DNA:NT_004487"",""UniProtKB:P12259"",""Ensembl:ENSG00000198734"",""GenAtlas:F5"",""GeneCard:F5"",""MutDB:F5"",""ALFRED:LO000606M"",""HuGE:F5"",""Comparative Toxicogenomics Database:2153"",""ModBase:P12259"",""HGNC:3542""",No
chrX,G6PD,,G6PD1,Yes,Yes,"NCBI Gene:2539,""OMIM:305900"",""UCSC Genome Browser:NM_000402"",""GO:GO:0004345"",""GO:GO:0005975"",""GO:GO:0006006"",""GO:GO:0006010"",""GO:GO:0006098"",""GO:GO:0008372"",""GO:GO:0016491"",""RefSeq RNA:NM_000402"",""RefSeq RNA:NM_001042351"",""RefSeq Protein:NP_000393"",""RefSeq Protein:NP_001035810"",""RefSeq DNA:NG_009015"",""RefSeq DNA:NT_167198"",""UniProtKB:P11413"",""Ensembl:ENSG00000160211"",""GenAtlas:G6PD"",""GeneCard:G6PD"",""MutDB:G6PD"",""ALFRED:LO000338O"",""HuGE:G6PD"",""Comparative Toxicogenomics Database:2539"",""HumanCyc Gene:HS08467"",""HGNC:4057""",Yes
chr11,GSTP1,"FAEES3,""GST3""",GSTP,Yes,Yes,"NCBI Gene:2950,""OMIM:134660"",""UCSC Genome Browser:NM_000852"",""GO:GO:0004364"",""GO:GO:0005737"",""GO:GO:0006916"",""GO:GO:0007417"",""GO:GO:0008152"",""GO:GO:0016740"",""RefSeq RNA:NM_000852"",""RefSeq Protein:NP_000843"",""RefSeq DNA:NG_012075"",""RefSeq DNA:NT_167190"",""UniProtKB:P09211"",""Ensembl:ENSG00000084207"",""GenAtlas:GSTP1"",""GeneCard:GSTP1"",""MutDB:GSTP1"",""HuGE:GSTP1"",""Comparative Toxicogenomics Database:2950"",""ModBase:P09211"",""HumanCyc Gene:HS01468"",""HGNC:4638""",No
chr22,GSTT1,,,Yes,Yes,"NCBI Gene:2952,""OMIM:600436"",""UCSC Genome Browser:NM_000853"",""GO:GO:0004364"",""GO:GO:0006950"",""GO:GO:0016740"",""RefSeq RNA:NM_000853"",""RefSeq Protein:NP_000844"",""RefSeq DNA:NT_011520"",""UniProtKB:P30711"",""Ensembl:ENSG00000184674"",""GenAtlas:GSTT1"",""GeneCard:GSTT1"",""MutDB:GSTT1"",""HuGE:GSTT1"",""Comparative Toxicogenomics Database:2952"",""ModBase:P30711"",""HumanCyc Gene:HS05763"",""HGNC:4641""",No
chr6,HLA-B,AS,,Yes,Yes,"NCBI Gene:3106,""OMIM:106300"",""OMIM:142830"",""OMIM:608579"",""UCSC Genome Browser:NM_005514"",""GO:GO:0000004"",""GO:GO:0005554"",""GO:GO:0005624"",""GO:GO:0005887"",""GO:GO:0008372"",""GO:GO:0016020"",""GO:GO:0016021"",""GO:GO:0019882"",""GO:GO:0019883"",""GO:GO:0019885"",""GO:GO:0030106"",""GO:GO:0042612"",""RefSeq RNA:NM_005514"",""RefSeq Protein:NP_005505"",""RefSeq DNA:NG_002397"",""RefSeq DNA:NG_023187"",""RefSeq DNA:NT_007592"",""RefSeq DNA:NT_113891"",""RefSeq DNA:NT_167246"",""RefSeq DNA:NT_167247"",""RefSeq DNA:NT_167248"",""RefSeq DNA:NT_167249"",""UniProtKB:P01889"",""Ensembl:ENSG00000234745"",""GenAtlas:HLA-B"",""GeneCard:HLA-B"",""MutDB:HLA-B"",""ALFRED:LO037809B"",""HuGE:HLA-B"",""Comparative Toxicogenomics Database:3106"",""ModBase:P01889"",""ModBase:P10319"",""ModBase:P18463"",""ModBase:P18464"",""ModBase:P18465"",""ModBase:P30461"",""ModBase:P30462"",""ModBase:P30474"",""ModBase:P30479"",""ModBase:P30480"",""ModBase:P30483"",""ModBase:P30484"",""ModBase:P30485"",""ModBase:P30486"",""ModBase:P30487"",""ModBase:P30488"",""ModBase:P30490"",""ModBase:P30492"",""ModBase:P30493"",""ModBase:P30495"",""ModBase:P30498"",""ModBase:Q29718"",""ModBase:Q29836"",""ModBase:Q29846"",""ModBase:Q29847"",""ModBase:Q29855"",""ModBase:Q29940"",""ModBase:Q29982"",""ModBase:Q31610"",""ModBase:Q31612"",""ModBase:Q9BCM7"",""ModBase:Q9BCM8"",""ModBase:Q9MY78"",""ModBase:Q9TP36"",""ModBase:Q9TP37"",""HumanCyc Gene:HS11467"",""HGNC:4932""",Yes
chr5,HMGCR,"3-hydroxy-3-methylglutaryl CoA reductase (NADPH),""hydroxymethylglutaryl-CoA reductase""",,Yes,Yes,"NCBI Gene:3156,""OMIM:142910"",""UCSC Genome Browser:NM_000859"",""GO:GO:0004420"",""GO:GO:0005624"",""GO:GO:0005777"",""GO:GO:0005783"",""GO:GO:0005789"",""GO:GO:0006629"",""GO:GO:0006695"",""GO:GO:0008354"",""GO:GO:0008406"",""GO:GO:0016020"",""GO:GO:0016021"",""GO:GO:0016491"",""RefSeq RNA:NM_000859"",""RefSeq RNA:NM_001130996"",""RefSeq Protein:NP_000850"",""RefSeq Protein:NP_001124468"",""RefSeq DNA:NG_011449"",""RefSeq DNA:NT_006713"",""UniProtKB:P04035"",""Ensembl:ENSG00000113161"",""GenAtlas:HMGCR"",""GeneCard:HMGCR"",""MutDB:HMGCR"",""ALFRED:LO069456E"",""HuGE:HMGCR"",""Comparative Toxicogenomics Database:3156"",""ModBase:P04035"",""HumanCyc Gene:HS03652"",""HGNC:5006""",No
chr7,KCNH2,LQT2,"HERG,""Kv11.1"",""erg1""",Yes,Yes,"NCBI Gene:3757,""OMIM:152427"",""OMIM:609620"",""UCSC Genome Browser:NM_000238"",""GO:GO:0000155"",""GO:GO:0000160"",""GO:GO:0005251"",""GO:GO:0005624"",""GO:GO:0006355"",""GO:GO:0006811"",""GO:GO:0006813"",""GO:GO:0006936"",""GO:GO:0007605"",""GO:GO:0008016"",""GO:GO:0008076"",""GO:GO:0016020"",""GO:GO:0016021"",""GO:GO:0030955"",""RefSeq RNA:NM_000238"",""RefSeq RNA:NM_001204798"",""RefSeq RNA:NM_172056"",""RefSeq RNA:NM_172057"",""RefSeq Protein:NP_000229"",""RefSeq Protein:NP_001191727"",""RefSeq Protein:NP_742053"",""RefSeq Protein:NP_742054"",""RefSeq DNA:NG_008916"",""RefSeq DNA:NT_007914"",""RefSeq DNA:NT_079596"",""UniProtKB:Q12809"",""Ensembl:ENSG00000055118"",""GenAtlas:KCNH2"",""GeneCard:KCNH2"",""MutDB:KCNH2"",""ALFRED:LO024124N"",""HuGE:KCNH2"",""Comparative Toxicogenomics Database:3757"",""ModBase:Q12809"",""HumanCyc Gene:HS00680"",""IUPHAR Receptor:572"",""HGNC:6251""",No
chr11,KCNJ11,,"BIR,""Kir6.2""",Yes,Yes,"NCBI Gene:3767,""OMIM:125853"",""OMIM:600937"",""OMIM:601820"",""OMIM:606176"",""OMIM:610582"",""UCSC Genome Browser:NM_000525"",""GO:GO:0005244"",""GO:GO:0005624"",""GO:GO:0005887"",""GO:GO:0006811"",""GO:GO:0006813"",""GO:GO:0015272"",""GO:GO:0016020"",""GO:GO:0030955"",""RefSeq RNA:NM_000525"",""RefSeq RNA:NM_001166290"",""RefSeq Protein:NP_000516"",""RefSeq Protein:NP_001159762"",""RefSeq DNA:NG_012446"",""RefSeq DNA:NT_009237"",""UniProtKB:B2RC52"",""UniProtKB:B4DWI4"",""Ensembl:ENSG00000187486"",""GenAtlas:KCNJ11"",""GeneCard:KCNJ11"",""MutDB:KCNJ11"",""ALFRED:LO132999H"",""HuGE:KCNJ11"",""Comparative Toxicogenomics Database:3767"",""ModBase:Q14654"",""IUPHAR Receptor:442"",""HGNC:6257""",No
chr4,KIT,PBT,"C-Kit,""CD117"",""SCFR""",Yes,Yes,"NCBI Gene:3815,""OMIM:164920"",""OMIM:172800"",""OMIM:273300"",""OMIM:601626"",""OMIM:606764"",""UCSC Genome Browser:NM_000222"",""GO:GO:0000166"",""GO:GO:0004716"",""GO:GO:0004872"",""GO:GO:0005021"",""GO:GO:0005524"",""GO:GO:0006468"",""GO:GO:0006470"",""GO:GO:0007165"",""GO:GO:0007169"",""GO:GO:0016020"",""GO:GO:0016021"",""GO:GO:0016740"",""RefSeq RNA:NM_000222"",""RefSeq RNA:NM_001093772"",""RefSeq Protein:NP_000213"",""RefSeq Protein:NP_001087241"",""RefSeq DNA:NG_007456"",""RefSeq DNA:NT_022853"",""UniProtKB:P10721"",""UniProtKB:Q6IQ28"",""Ensembl:ENSG00000157404"",""GenAtlas:KIT"",""GeneCard:KIT"",""MutDB:KIT"",""ALFRED:LO017051O"",""HuGE:KIT"",""Comparative Toxicogenomics Database:3815"",""ModBase:P10721"",""HumanCyc Gene:HS08211"",""HGNC:6342""",No
chr12,KRAS,"KRAS2,""v-Ki-ras2 Kirsten rat sarcoma viral oncogene homolog""",KRAS1,Yes,Yes,"NCBI Gene:3845,""OMIM:109800"",""OMIM:114480"",""OMIM:115150"",""OMIM:137215"",""OMIM:190070"",""OMIM:211980"",""OMIM:218040"",""OMIM:260350"",""OMIM:609942"",""UCSC Genome Browser:NM_004985"",""GO:GO:0000074"",""GO:GO:0000166"",""GO:GO:0003924"",""GO:GO:0005515"",""GO:GO:0005525"",""GO:GO:0005622"",""GO:GO:0007264"",""GO:GO:0007605"",""GO:GO:0016020"",""RefSeq RNA:NM_004985"",""RefSeq RNA:NM_033360"",""RefSeq Protein:NP_004976"",""RefSeq Protein:NP_203524"",""RefSeq DNA:NG_007524"",""RefSeq DNA:NT_009714"",""UniProtKB:P01116"",""Ensembl:ENSG00000133703"",""GenAtlas:KRAS"",""GeneCard:KRAS"",""MutDB:KRAS"",""ALFRED:LO000285P"",""HuGE:KRAS"",""Comparative Toxicogenomics Database:3845"",""ModBase:P01116"",""HumanCyc Gene:HS05779"",""HGNC:6407""",No
chrM,MT-RNR1,,,Yes,Yes,"NCBI Gene:4549,""OMIM:561000"",""GenAtlas:MT-RNR1"",""GeneCard:MT-RNR1"",""MutDB:MT-RNR1"",""HuGE:MT-RNR1"",""Comparative Toxicogenomics Database:4549""",No
chr1,MTHFR,,,Yes,Yes,"NCBI Gene:4524,""OMIM:119530"",""OMIM:181500"",""OMIM:188050"",""OMIM:236250"",""OMIM:601634"",""OMIM:607093"",""UCSC Genome Browser:NM_005957"",""GO:GO:0004489"",""GO:GO:0005515"",""GO:GO:0006520"",""GO:GO:0006555"",""GO:GO:0008015"",""GO:GO:0016491"",""RefSeq RNA:NM_005957"",""RefSeq Protein:NP_005948"",""RefSeq DNA:NG_013351"",""RefSeq DNA:NT_021937"",""UniProtKB:P42898"",""UniProtKB:Q8IU67"",""Ensembl:ENSG00000177000"",""GenAtlas:MTHFR"",""GeneCard:MTHFR"",""MutDB:MTHFR"",""ALFRED:LO000427N"",""HuGE:MTHFR"",""Comparative Toxicogenomics Database:4524"",""ModBase:P42898"",""HumanCyc Gene:HS11117"",""HGNC:7436""",No
chr8,NAT2,AAC2,,Yes,Yes,"NCBI Gene:10,""OMIM:243400"",""OMIM:612182"",""UCSC Genome Browser:NM_000015"",""GO:GO:0004060"",""GO:GO:0008152"",""GO:GO:0016407"",""GO:GO:0016740"",""RefSeq RNA:NM_000015"",""RefSeq Protein:NP_000006"",""RefSeq DNA:NG_012246"",""RefSeq DNA:NT_167187"",""Web Resource:http://nat.mbg.duth.gr/Human%20NAT2%20alleles_2013.htm"",""UniProtKB:A4Z6T7"",""UniProtKB:P11245"",""Ensembl:ENSG00000156006"",""GenAtlas:NAT2"",""GeneCard:NAT2"",""MutDB:NAT2"",""HuGE:NAT2"",""Comparative Toxicogenomics Database:10"",""ModBase:Q96KY8"",""HumanCyc Gene:HS08090"",""HGNC:7646""",No
chr16,NQO1,"DIA4,""NMOR1""","DHQU,""DTD"",""QR1""",Yes,Yes,"NCBI Gene:1728,""OMIM:125860"",""UCSC Genome Browser:NM_000903"",""GO:GO:0003955"",""GO:GO:0004128"",""GO:GO:0005737"",""GO:GO:0006118"",""GO:GO:0006805"",""GO:GO:0006809"",""GO:GO:0007271"",""GO:GO:0009636"",""GO:GO:0016491"",""RefSeq RNA:NM_000903"",""RefSeq RNA:NM_001025433"",""RefSeq RNA:NM_001025434"",""RefSeq Protein:NP_000894"",""RefSeq Protein:NP_001020604"",""RefSeq Protein:NP_001020605"",""RefSeq DNA:NG_011504"",""RefSeq DNA:NT_010498"",""UniProtKB:B7ZAD1"",""UniProtKB:P15559"",""Ensembl:ENSG00000181019"",""GenAtlas:NQO1"",""GeneCard:NQO1"",""MutDB:NQO1"",""ALFRED:LO036511Q"",""HuGE:NQO1"",""Comparative Toxicogenomics Database:1728"",""ModBase:P15559"",""HumanCyc Gene:HS01604"",""HumanCyc Gene:HS11566"",""HGNC:2874""",No
chr3,NR1I2,"orphan nuclear receptor PXR,""pregnane X receptor""","BXR,""ONR1"",""PAR2"",""PXR"",""SXR""",Yes,Yes,"NCBI Gene:8856,""OMIM:603065"",""UCSC Genome Browser:NM_003889"",""GO:GO:0003700"",""GO:GO:0003707"",""GO:GO:0003713"",""GO:GO:0005634"",""GO:GO:0006350"",""GO:GO:0006355"",""GO:GO:0006805"",""GO:GO:0007165"",""GO:GO:0008202"",""GO:GO:0008270"",""GO:GO:0016481"",""GO:GO:0016564"",""GO:GO:0043565"",""GO:GO:0046872"",""RefSeq RNA:NM_003889"",""RefSeq RNA:NM_022002"",""RefSeq RNA:NM_033013"",""RefSeq Protein:NP_003880"",""RefSeq Protein:NP_071285"",""RefSeq Protein:NP_148934"",""RefSeq DNA:NG_011856"",""RefSeq DNA:NT_005612"",""UniProtKB:O75469"",""Ensembl:ENSG00000144852"",""GenAtlas:NR1I2"",""GeneCard:NR1I2"",""MutDB:NR1I2"",""ALFRED:LO037678F"",""HuGE:NR1I2"",""Comparative Toxicogenomics Database:8856"",""ModBase:Q9UJ26"",""HumanCyc Gene:HS07212"",""HGNC:7968""",No
chr1,NRAS,,N-ras,Yes,Yes,"NCBI Gene:4893,""OMIM:114500"",""OMIM:164790"",""OMIM:188470"",""OMIM:613224"",""UCSC Genome Browser:NM_002524"",""GO:GO:0000074"",""GO:GO:0000166"",""GO:GO:0003924"",""GO:GO:0005525"",""GO:GO:0005622"",""GO:GO:0007264"",""GO:GO:0016020"",""RefSeq RNA:NM_002524"",""RefSeq Protein:NP_002515"",""RefSeq DNA:NG_007572"",""RefSeq DNA:NT_032977"",""UniProtKB:P01111"",""UniProtKB:Q5U091"",""Ensembl:ENSG00000213281"",""GenAtlas:NRAS"",""GeneCard:NRAS"",""MutDB:NRAS"",""HuGE:NRAS"",""Comparative Toxicogenomics Database:4893"",""ModBase:P01111"",""HumanCyc Gene:HS09797"",""HGNC:7989""",No
chr3,P2RY1,,P2Y1,Yes,Yes,"NCBI Gene:5028,""OMIM:601167"",""UCSC Genome Browser:NM_002563"",""GO:GO:0001584"",""GO:GO:0004872"",""GO:GO:0005887"",""GO:GO:0007200"",""GO:GO:0007596"",""GO:GO:0016020"",""GO:GO:0045028"",""RefSeq RNA:NM_002563"",""RefSeq Protein:NP_002554"",""RefSeq DNA:NT_005612"",""UniProtKB:P47900"",""Ensembl:ENSG00000169860"",""GenAtlas:P2RY1"",""GeneCard:P2RY1"",""MutDB:P2RY1"",""ALFRED:LO289470E"",""HuGE:P2RY1"",""Comparative Toxicogenomics Database:5028"",""ModBase:P47900"",""HumanCyc Gene:HS10020"",""IUPHAR Receptor:323"",""HGNC:8539""",No
chr3,P2RY12,,"HORK3,""P2Y12"",""SP1999""",Yes,Yes,"NCBI Gene:64805,""OMIM:600515"",""OMIM:609821"",""GO:GO:0001584"",""GO:GO:0004872"",""GO:GO:0007165"",""GO:GO:0007186"",""GO:GO:0007599"",""GO:GO:0016020"",""GO:GO:0016021"",""GO:GO:0045028"",""RefSeq RNA:NM_022788"",""RefSeq RNA:NM_176876"",""RefSeq Protein:NP_073625"",""RefSeq Protein:NP_795345"",""RefSeq DNA:NG_016019"",""RefSeq DNA:NT_005612"",""UniProtKB:Q9H244"",""Ensembl:ENSG00000169313"",""GeneCard:P2RY12"",""ALFRED:LO048996K"",""HuGE:P2RY12"",""Comparative Toxicogenomics Database:64805"",""ModBase:Q9H244"",""HumanCyc Gene:HS09927"",""IUPHAR Receptor:328"",""HGNC:18124""",No
chr20,PTGIS,"cytochrome P450, family 8, subfamily A, polypeptide 1","CYP8A1,""PGIS""",Yes,No,"NCBI Gene:5740,""OMIM:145500"",""OMIM:601699"",""UCSC Genome Browser:NM_000961"",""GO:GO:0001516"",""GO:GO:0004497"",""GO:GO:0005506"",""GO:GO:0005783"",""GO:GO:0006118"",""GO:GO:0006629"",""GO:GO:0006633"",""GO:GO:0008116"",""GO:GO:0016020"",""GO:GO:0016021"",""GO:GO:0016853"",""GO:GO:0020037"",""GO:GO:0046872"",""RefSeq RNA:NM_000961"",""RefSeq Protein:NP_000952"",""RefSeq DNA:NG_007940"",""RefSeq DNA:NT_011362"",""Web Resource:http://www.imm.ki.se/CYPalleles/cyp8a1.htm"",""UniProtKB:Q16647"",""Ensembl:ENSG00000124212"",""GenAtlas:PTGIS"",""GeneCard:PTGIS"",""MutDB:PTGIS"",""ALFRED:LO037970A"",""HuGE:PTGIS"",""Comparative Toxicogenomics Database:5740"",""ModBase:Q16647"",""HumanCyc Gene:HS04738"",""HGNC:9603""",No
chr1,PTGS2,,COX2,Yes,Yes,"NCBI Gene:5743,""OMIM:600262"",""UCSC Genome Browser:NM_000963"",""GO:GO:0001516"",""GO:GO:0004601"",""GO:GO:0004666"",""GO:GO:0005506"",""GO:GO:0005634"",""GO:GO:0005737"",""GO:GO:0006633"",""GO:GO:0006928"",""GO:GO:0007582"",""GO:GO:0008217"",""GO:GO:0016020"",""GO:GO:0016491"",""GO:GO:0016702"",""GO:GO:0019371"",""GO:GO:0030216"",""GO:GO:0046872"",""GO:GO:0050727"",""RefSeq RNA:NM_000963"",""RefSeq Protein:NP_000954"",""RefSeq DNA:NT_004487"",""UniProtKB:P35354"",""Ensembl:ENSG00000073756"",""GenAtlas:PTGS2"",""GeneCard:PTGS2"",""MutDB:PTGS2"",""ALFRED:LO047741X"",""HuGE:PTGS2"",""Comparative Toxicogenomics Database:5743"",""ModBase:P35354"",""HumanCyc Gene:HS01115"",""HGNC:9605""",No
chr19,RYR1,"CCO,""MHS"",""MHS1"",""protein phosphatase 1, regulatory subunit 137""","PPP1R137,""RYR""",Yes,Yes,"NCBI Gene:6261,""OMIM:117000"",""OMIM:145600"",""OMIM:180901"",""OMIM:255320"",""UCSC Genome Browser:NM_000540"",""GO:GO:0004872"",""GO:GO:0005216"",""GO:GO:0005219"",""GO:GO:0005509"",""GO:GO:0005790"",""GO:GO:0005887"",""GO:GO:0006811"",""GO:GO:0006816"",""GO:GO:0006874"",""GO:GO:0006936"",""GO:GO:0015278"",""GO:GO:0016020"",""RefSeq RNA:NM_000540"",""RefSeq RNA:NM_001042723"",""RefSeq Protein:NP_000531"",""RefSeq Protein:NP_001036188"",""RefSeq DNA:NG_008866"",""RefSeq DNA:NT_011109"",""UniProtKB:P21817"",""Ensembl:ENSG00000196218"",""GenAtlas:RYR1"",""GeneCard:RYR1"",""MutDB:RYR1"",""ALFRED:LO000292N"",""HuGE:RYR1"",""Comparative Toxicogenomics Database:6261"",""ModBase:P21817"",""HGNC:10483""",No
chr3,SCN5A,"CMD1E,""long QT syndrome 3""","CDCD2,""CMPD2"",""HB1"",""HB2"",""HBBD"",""HH1"",""ICCD"",""IVF"",""LQT3"",""Nav1.5"",""PFHB1"",""SSS1""",Yes,Yes,"NCBI Gene:6331,""OMIM:113900"",""OMIM:272120"",""OMIM:600163"",""OMIM:601144"",""OMIM:601154"",""OMIM:603829"",""OMIM:603830"",""OMIM:608567"",""UCSC Genome Browser:NM_000335"",""GO:GO:0001518"",""GO:GO:0005216"",""GO:GO:0005248"",""GO:GO:0005624"",""GO:GO:0006811"",""GO:GO:0006814"",""GO:GO:0006936"",""GO:GO:0008016"",""GO:GO:0016020"",""GO:GO:0016021"",""GO:GO:0031402"",""RefSeq RNA:NM_000335"",""RefSeq RNA:NM_001099404"",""RefSeq RNA:NM_001099405"",""RefSeq RNA:NM_001160160"",""RefSeq RNA:NM_001160161"",""RefSeq RNA:NM_198056"",""RefSeq Protein:NP_000326"",""RefSeq Protein:NP_001092874"",""RefSeq Protein:NP_001092875"",""RefSeq Protein:NP_001153632"",""RefSeq Protein:NP_001153633"",""RefSeq Protein:NP_932173"",""RefSeq DNA:NG_008934"",""RefSeq DNA:NT_022517"",""UniProtKB:Q14524"",""UniProtKB:Q59H93"",""UniProtKB:Q86V90"",""Ensembl:ENSG00000183873"",""GenAtlas:SCN5A"",""GeneCard:SCN5A"",""MutDB:SCN5A"",""ALFRED:LO079969O"",""HuGE:SCN5A"",""Comparative Toxicogenomics Database:6331"",""ModBase:Q14524"",""IUPHAR Receptor:582"",""HGNC:10593""",No
chr21,SLC19A1,,FOLT,Yes,Yes,"NCBI Gene:6573,""OMIM:600424"",""UCSC Genome Browser:NM_003056"",""GO:GO:0005542"",""GO:GO:0005624"",""GO:GO:0005887"",""GO:GO:0006810"",""GO:GO:0008517"",""GO:GO:0008518"",""GO:GO:0015350"",""GO:GO:0015884"",""GO:GO:0016020"",""RefSeq RNA:NM_001205206"",""RefSeq RNA:NM_001205207"",""RefSeq RNA:NM_194255"",""RefSeq Protein:NP_001192135"",""RefSeq Protein:NP_001192136"",""RefSeq Protein:NP_919231"",""RefSeq DNA:NT_011515"",""UniProtKB:P41440"",""Ensembl:ENSG00000173638"",""GenAtlas:SLC19A1"",""GeneCard:SLC19A1"",""MutDB:SLC19A1"",""HuGE:SLC19A1"",""Comparative Toxicogenomics Database:6573"",""ModBase:P41440"",""HumanCyc Gene:HS10704"",""HGNC:10937""",No
chr6,SLC22A1,,OCT1,Yes,Yes,"NCBI Gene:6580,""OMIM:602607"",""UCSC Genome Browser:NM_003057"",""GO:GO:0000166"",""GO:GO:0005524"",""GO:GO:0005624"",""GO:GO:0005887"",""GO:GO:0006811"",""GO:GO:0006814"",""GO:GO:0015075"",""GO:GO:0015101"",""GO:GO:0015293"",""GO:GO:0015695"",""GO:GO:0016020"",""GO:GO:0016021"",""GO:GO:0031402"",""RefSeq RNA:NM_003057"",""RefSeq RNA:NM_153187"",""RefSeq Protein:NP_003048"",""RefSeq Protein:NP_694857"",""RefSeq DNA:NT_025741"",""UniProtKB:A6NFF3"",""UniProtKB:O15245"",""Ensembl:ENSG00000175003"",""GenAtlas:SLC22A1"",""GeneCard:SLC22A1"",""MutDB:SLC22A1"",""ALFRED:LO109312Q"",""HuGE:SLC22A1"",""Comparative Toxicogenomics Database:6580"",""ModBase:O15245"",""HumanCyc Gene:HS10865"",""HGNC:10963""",No
chr12,SLCO1B1,SLC21A6,"LST-1,""OATP-C"",""OATP1B1""",Yes,Yes,"NCBI Gene:10599,""OMIM:604843"",""UCSC Genome Browser:NM_006446"",""GO:GO:0005215"",""GO:GO:0005624"",""GO:GO:0005887"",""GO:GO:0006811"",""GO:GO:0015347"",""GO:GO:0015711"",""GO:GO:0016020"",""RefSeq RNA:NM_006446"",""RefSeq Protein:NP_006437"",""RefSeq DNA:NG_011745"",""RefSeq DNA:NT_009714"",""UniProtKB:Q05CV5"",""UniProtKB:Q9Y6L6"",""Ensembl:ENSG00000134538"",""GenAtlas:SLCO1B1"",""GeneCard:SLCO1B1"",""MutDB:SLCO1B1"",""ALFRED:LO013242M"",""HuGE:SLCO1B1"",""Comparative Toxicogenomics Database:10599"",""ModBase:Q9Y6L6"",""HumanCyc Gene:HS05882"",""HGNC:10959""",Yes
chr16,SULT1A1,"STP,""STP1""",P-PST,Yes,Yes,"NCBI Gene:6817,""OMIM:171150"",""UCSC Genome Browser:NM_001055"",""GO:GO:0004062"",""GO:GO:0006584"",""GO:GO:0006629"",""GO:GO:0008146"",""GO:GO:0008202"",""GO:GO:0009308"",""GO:GO:0016740"",""RefSeq RNA:NM_001055"",""RefSeq RNA:NM_177529"",""RefSeq RNA:NM_177530"",""RefSeq RNA:NM_177534"",""RefSeq RNA:NM_177536"",""RefSeq Protein:NP_001046"",""RefSeq Protein:NP_803565"",""RefSeq Protein:NP_803566"",""RefSeq Protein:NP_803878"",""RefSeq Protein:NP_803880"",""RefSeq DNA:NT_010393"",""UniProtKB:P50225"",""Ensembl:ENSG00000196502"",""GenAtlas:SULT1A1"",""GeneCard:SULT1A1"",""MutDB:SULT1A1"",""ALFRED:LO171038U"",""HuGE:SULT1A1"",""Comparative Toxicogenomics Database:6817"",""ModBase:P50225"",""HumanCyc Gene:HS09898"",""HGNC:11453""",No
chr6,TPMT,,,Yes,Yes,"NCBI Gene:7172,""OMIM:187680"",""OMIM:610460"",""UCSC Genome Browser:NM_000367"",""GO:GO:0005737"",""GO:GO:0006139"",""GO:GO:0008119"",""GO:GO:0008152"",""GO:GO:0008168"",""GO:GO:0016740"",""RefSeq RNA:NM_000367"",""RefSeq Protein:NP_000358"",""RefSeq DNA:NG_012137"",""RefSeq DNA:NT_007592"",""UniProtKB:P51580"",""UniProtKB:Q9BS45"",""Ensembl:ENSG00000137364"",""GenAtlas:TPMT"",""GeneCard:TPMT"",""MutDB:TPMT"",""ALFRED:LO206732U"",""HuGE:TPMT"",""Comparative Toxicogenomics Database:7172"",""ModBase:O43213"",""HumanCyc Gene:HS06327"",""HGNC:12014""",Yes
chr18,TYMS,TS,"HsT422,""TMS"",""Tsase""",Yes,Yes,"NCBI Gene:7298,""OMIM:188350"",""UCSC Genome Browser:NM_001071"",""GO:GO:0004799"",""GO:GO:0006139"",""GO:GO:0006231"",""GO:GO:0006260"",""GO:GO:0006281"",""GO:GO:0008168"",""GO:GO:0009157"",""GO:GO:0009165"",""GO:GO:0016740"",""GO:GO:0048015"",""RefSeq RNA:NM_001071"",""RefSeq Protein:NP_001062"",""RefSeq DNA:NT_010859"",""UniProtKB:P04818"",""UniProtKB:Q53Y97"",""Ensembl:ENSG00000176890"",""GenAtlas:TYMS"",""GeneCard:TYMS"",""MutDB:TYMS"",""HuGE:TYMS"",""Comparative Toxicogenomics Database:7298"",""ModBase:P04818"",""HumanCyc Gene:HS11096"",""HGNC:12441""",No
chr2,UGT1A1,,UGT1A,Yes,Yes,"NCBI Gene:54658,""OMIM:143500"",""OMIM:191740"",""OMIM:218800"",""OMIM:237900"",""OMIM:601816"",""OMIM:606785"",""UCSC Genome Browser:NM_000463"",""GO:GO:0005783"",""GO:GO:0005792"",""GO:GO:0006789"",""GO:GO:0007586"",""GO:GO:0008152"",""GO:GO:0008210"",""GO:GO:0015020"",""GO:GO:0016020"",""GO:GO:0016021"",""RefSeq RNA:NM_000463"",""RefSeq Protein:NP_000454"",""RefSeq DNA:NG_002601"",""RefSeq DNA:NG_009254"",""RefSeq DNA:NT_005120"",""UniProtKB:P22309"",""UniProtKB:Q5DT03"",""Ensembl:ENSG00000241635"",""GenAtlas:UGT1A1"",""GeneCard:UGT1A1"",""MutDB:UGT1A1"",""ALFRED:LO000317L"",""HuGE:UGT1A1"",""Comparative Toxicogenomics Database:54658"",""ModBase:P22309"",""HGNC:12530""",Yes
chr12,VDR,"protein phosphatase 1, regulatory subunit 163","NR1I1,""PPP1R163""",Yes,Yes,"NCBI Gene:7421,""OMIM:166710"",""OMIM:277440"",""OMIM:601769"",""UCSC Genome Browser:NM_000376"",""GO:GO:0003700"",""GO:GO:0003707"",""GO:GO:0005515"",""GO:GO:0005634"",""GO:GO:0006350"",""GO:GO:0006355"",""GO:GO:0007165"",""GO:GO:0008270"",""GO:GO:0008434"",""GO:GO:0016481"",""GO:GO:0043565"",""GO:GO:0046872"",""RefSeq RNA:NM_000376"",""RefSeq RNA:NM_001017535"",""RefSeq RNA:NM_001017536"",""RefSeq Protein:NP_000367"",""RefSeq Protein:NP_001017535"",""RefSeq Protein:NP_001017536"",""RefSeq DNA:NG_008731"",""RefSeq DNA:NT_029419"",""UniProtKB:P11473"",""Ensembl:ENSG00000111424"",""GenAtlas:VDR"",""GeneCard:VDR"",""MutDB:VDR"",""ALFRED:LO010717Q"",""HuGE:VDR"",""Comparative Toxicogenomics Database:7421"",""ModBase:P11473"",""HumanCyc Gene:HS03416"",""HGNC:12679""",No
chr16,VKORC1,VKCFD2,,Yes,Yes,"NCBI Gene:79001,""OMIM:122700"",""OMIM:607473"",""OMIM:608547"",""GO:GO:0005783"",""GO:GO:0016020"",""GO:GO:0016021"",""GO:GO:0016491"",""GO:GO:0047057"",""RefSeq RNA:NM_024006"",""RefSeq RNA:NM_206824"",""RefSeq Protein:NP_076869"",""RefSeq Protein:NP_996560"",""RefSeq DNA:NG_011564"",""RefSeq DNA:NT_010393"",""UniProtKB:A6NIQ6"",""UniProtKB:Q9BQB6"",""Ensembl:ENSG00000167397"",""GeneCard:VKORC1"",""HuGE:VKORC1"",""Comparative Toxicogenomics Database:79001"",""ModBase:Q9BQB6"",""HumanCyc Gene:HS15548"",""HGNC:23663""",Yes
